{
    "id":null,"时间":"2019-01-15T09:50:00.000Z",
    "DUST原始":null,"DUST工况":null,
    "DUST":-18.0242,"DUSTMAX":-18.0242,"DUSTMIN":-18.0242,"DUST折算":-16.6779,"DUST折算MAX":-16.6779,"DUST折算MIN":-16.6779,
    "SO2":25.3693,"SO2MAX":25.3693,"SO2MIN":25.3693,"SO2折算":23.4743,"SO2折算MAX":23.4743,"SO2折算MIN":23.4743,
    "NOX":30.0171,"NOXMAX":25.3693,"NOXMIN":25.3693,"NOX折算":27.7749,"NOX折算MAX":27.7749,"NOX折算MIN":27.7749,
    "CO":null,"CO折算":null,"COMAX":null,"COMIN":null,"CO折算MAX":null,"CO折算MIN":null,
    "O2":4.78908,"O2MAX":4.78908,"O2MIN":4.78908,
    "压力":13880,"压力MAX":13880,"压力MIN":13880,
    "温度":13366,"温度MAX":13366,"温度MIN":13366,
    "湿度":10282,"湿度MAX":10282,"湿度MIN":10282,
    "流速":91325,"流速MAX":91325,"流速MIN":91325,
    "标干流量":-702469000000,"标干流量MAX":-702469000000,"标干流量MIN":-702469000000,
    "热态流量":3287700000,"热态流量MAX":3287700000,"热态流量MIN":3287700000,
    "状态标识":null,"标志":null,
    "DUSTCOU":12661500,"SO2COU":-17821200,"COCOU":null,"NOCOU":-21086100,
    "FlowCou":null,"FlowCouMax":null,"FlowCouMin":null,
    "SO2rate":null,"NOrate":null,"COrate":null,"DUSTrate":null,
    "boilerload":null,"spare1":null,"spare2":null,"spare3":null,
    "Flag_F":0,"Flag_D":1,"Flag_M":0,"Flag_C":0,"Flag_T":null,"Flag_St":0,"Flag_Sd":0,"Flag_B":0,"Flag_N":0,"Flag_Md":0,
    "Flagstr":"D",
    "探头温度":0.0000441673,"管线温度":48.8167,"除湿温度":12754.1,
    "大气压":null,"动压":null
}